{"cameraMode":{"drawMode":0,"name":"Shaded","section":"Shading Mode"},"sceneLighting":true,"audioPlay":false,"sceneViewState":{"showFog":true,"showMaterialUpdate":false,"showSkybox":true,"showFlares":true,"showImageEffects":true,"showParticleSystems":true},"in2DMode":false,"pivot":{"x":6.577308654785156,"y":-11.138278007507325,"z":-32.42696762084961},"rotation":{"x":-0.06840468943119049,"y":0.8971083760261536,"z":-0.14966650307178498,"w":-0.41002100706100466},"size":47.47266387939453,"orthographic":false}